{
  "summary": {
    "Direct LLM": {
      "latency": {
        "mean": 160547.1420817905,
        "std": 53832.72034823629,
        "min": 104742.84768104553,
        "max": 260463.20462226868
      },
      "input_tokens": {
        "mean": 505.55555555555554,
        "std": 58.66453594615556,
        "min": 429,
        "max": 580
      },
      "output_tokens": {
        "mean": 4075.3333333333335,
        "std": 253.12052465179508,
        "min": 3795,
        "max": 4587
      },
      "tool_calls": null,
      "io_ratio": 0.12458261502638732
    },
    "RAG V2": {
      "latency": {
        "mean": 95607.09794362386,
        "std": 19435.51949464262,
        "min": 73923.11477661133,
        "max": 134051.15032196045
      },
      "input_tokens": {
        "mean": 505.55555555555554,
        "std": 58.66453594615556,
        "min": 429,
        "max": 580
      },
      "output_tokens": {
        "mean": 3622.222222222222,
        "std": 224.35784908142716,
        "min": 3320,
        "max": 3981
      },
      "tool_calls": null,
      "io_ratio": 0.1401358548760906
    },
    "Web Search V2": {
      "latency": {
        "mean": 113708.61951510112,
        "std": 9439.808776825554,
        "min": 101237.07818984985,
        "max": 130060.47821044922
      },
      "input_tokens": {
        "mean": 505.55555555555554,
        "std": 58.66453594615556,
        "min": 429,
        "max": 580
      },
      "output_tokens": {
        "mean": 5750.222222222223,
        "std": 531.6603186663873,
        "min": 4908,
        "max": 6387
      },
      "tool_calls": null,
      "io_ratio": 0.08853141373432143
    },
    "BM Agent": {
      "latency": null,
      "input_tokens": {
        "mean": 690224.1111111111,
        "std": 357916.1364441552,
        "min": 331158,
        "max": 1513558
      },
      "output_tokens": {
        "mean": 7669.888888888889,
        "std": 5924.373161872158,
        "min": 2299,
        "max": 20239
      },
      "tool_calls": {
        "mean": 44.77777777777778,
        "std": 10.86022303842994,
        "min": 30,
        "max": 61
      },
      "io_ratio": 118.0941140482816
    }
  },
  "raw_data": {
    "direct_llm": {
      "605525": {
        "latency_ms": 229426.48935317993,
        "input_tokens": 468,
        "output_tokens": 4083,
        "report_length": 5858
      },
      "612908": {
        "latency_ms": 104742.84768104553,
        "input_tokens": 579,
        "output_tokens": 3796,
        "report_length": 5301
      },
      "638114": {
        "latency_ms": 167815.40274620056,
        "input_tokens": 482,
        "output_tokens": 3960,
        "report_length": 5425
      },
      "640880": {
        "latency_ms": 260463.20462226868,
        "input_tokens": 515,
        "output_tokens": 3795,
        "report_length": 4912
      },
      "648772": {
        "latency_ms": 148099.58791732788,
        "input_tokens": 580,
        "output_tokens": 4128,
        "report_length": 5658
      },
      "665548": {
        "latency_ms": 168380.26809692383,
        "input_tokens": 449,
        "output_tokens": 4587,
        "report_length": 6112
      },
      "708387": {
        "latency_ms": 121324.97024536133,
        "input_tokens": 475,
        "output_tokens": 4034,
        "report_length": 4849
      },
      "747724": {
        "latency_ms": 139860.94641685486,
        "input_tokens": 429,
        "output_tokens": 3966,
        "report_length": 5332
      },
      "868183": {
        "latency_ms": 104810.5616569519,
        "input_tokens": 573,
        "output_tokens": 4329,
        "report_length": 6201
      }
    },
    "rag": {
      "605525": {
        "latency_ms": 89629.68158721924,
        "input_tokens": 468,
        "output_tokens": 3763,
        "report_length": 4377
      },
      "612908": {
        "latency_ms": 81269.21105384827,
        "input_tokens": 579,
        "output_tokens": 3320,
        "report_length": 3912
      },
      "638114": {
        "latency_ms": 73923.11477661133,
        "input_tokens": 482,
        "output_tokens": 3339,
        "report_length": 4328
      },
      "640880": {
        "latency_ms": 89386.3615989685,
        "input_tokens": 515,
        "output_tokens": 3690,
        "report_length": 4535
      },
      "648772": {
        "latency_ms": 88178.98607254028,
        "input_tokens": 580,
        "output_tokens": 3534,
        "report_length": 4466
      },
      "665548": {
        "latency_ms": 134051.15032196045,
        "input_tokens": 449,
        "output_tokens": 3867,
        "report_length": 4338
      },
      "708387": {
        "latency_ms": 90330.79075813293,
        "input_tokens": 475,
        "output_tokens": 3572,
        "report_length": 4253
      },
      "747724": {
        "latency_ms": 91713.34457397461,
        "input_tokens": 429,
        "output_tokens": 3534,
        "report_length": 4507
      },
      "868183": {
        "latency_ms": 121981.24074935913,
        "input_tokens": 573,
        "output_tokens": 3981,
        "report_length": 5164
      }
    },
    "websearch": {
      "605525": {
        "latency_ms": 113408.7975025177,
        "input_tokens": 468,
        "output_tokens": 5761,
        "report_length": 7636
      },
      "612908": {
        "latency_ms": 112473.32906723022,
        "input_tokens": 579,
        "output_tokens": 5193,
        "report_length": 6164
      },
      "638114": {
        "latency_ms": 101267.45390892029,
        "input_tokens": 482,
        "output_tokens": 5336,
        "report_length": 6332
      },
      "640880": {
        "latency_ms": 130060.47821044922,
        "input_tokens": 515,
        "output_tokens": 6387,
        "report_length": 8072
      },
      "648772": {
        "latency_ms": 108408.3604812622,
        "input_tokens": 580,
        "output_tokens": 6174,
        "report_length": 7267
      },
      "665548": {
        "latency_ms": 116555.17745018005,
        "input_tokens": 449,
        "output_tokens": 6345,
        "report_length": 8690
      },
      "708387": {
        "latency_ms": 123034.36923027039,
        "input_tokens": 475,
        "output_tokens": 6069,
        "report_length": 7612
      },
      "747724": {
        "latency_ms": 116932.5315952301,
        "input_tokens": 429,
        "output_tokens": 4908,
        "report_length": 5717
      },
      "868183": {
        "latency_ms": 101237.07818984985,
        "input_tokens": 573,
        "output_tokens": 5579,
        "report_length": 6848
      }
    },
    "bm_agent": {
      "605525": {
        "input_tokens": 581855,
        "output_tokens": 4344,
        "tool_calls": 44,
        "log_file": "session_20260407_605525_3be3a5dc-ceb9-4206-8aff-b8c0f68ca2f5_structured.jsonl"
      },
      "612908": {
        "input_tokens": 615865,
        "output_tokens": 3549,
        "tool_calls": 48,
        "log_file": "session_20260407_612908_e68e53b3-15dc-40bd-95c6-8f0e3a7402fc_structured.jsonl"
      },
      "638114": {
        "input_tokens": 445975,
        "output_tokens": 3033,
        "tool_calls": 47,
        "log_file": "session_20260407_638114_b3dd58a4-8028-4f1f-8d25-5c6ecded76ed_structured.jsonl"
      },
      "640880": {
        "input_tokens": 966623,
        "output_tokens": 13389,
        "tool_calls": 37,
        "log_file": "session_20260408_640880_c55c4f10-b7b8-4883-aa29-0e72f3382ca6_structured.jsonl"
      },
      "648772": {
        "input_tokens": 730414,
        "output_tokens": 7905,
        "tool_calls": 57,
        "log_file": "session_20260408_648772_2a8eb49f-2e3d-4606-8c2b-9d015f2eeebc_structured.jsonl"
      },
      "665548": {
        "input_tokens": 498005,
        "output_tokens": 4782,
        "tool_calls": 49,
        "log_file": "session_20260408_665548_177f7ba7-7bf4-45c1-95b4-40b0c044c156_structured.jsonl"
      },
      "708387": {
        "input_tokens": 331158,
        "output_tokens": 9489,
        "tool_calls": 30,