{
  "summary": {
    "Direct LLM": {
      "latency": {
        "mean": 160547.1420817905,
        "std": 53832.72034823629,
        "min": 104742.84768104553,
        "max": 260463.20462226868
      },
      "input_tokens": {
        "mean": 505.55555555555554,
        "std": 58.66453594615556,
        "min": 429,
        "max": 580
      },
      "output_tokens": {
        "mean": 4075.3333333333335,
        "std": 253.12052465179508,
        "min": 3795,
        "max": 4587
      },
      "env_calls": {
        "mean": 0,
        "std": 0.0,
        "min": 0,
        "max": 0
      },
      "io_ratio": 0.12458261502638732
    },
    "RAG V2": {
      "latency": {
        "mean": 95607.09794362386,
        "std": 19435.51949464262,
        "min": 73923.11477661133,
        "max": 134051.15032196045
      },
      "input_tokens": {
        "mean": 617.5555555555555,
        "std": 53.38096831060465,
        "min": 545,
        "max": 695
      },
      "output_tokens": {
        "mean": 3622.222222222222,
        "std": 224.35784908142716,
        "min": 3320,
        "max": 3981
      },
      "env_calls": {
        "mean": 1,
        "std": 0.0,
        "min": 1,
        "max": 1
      },
      "io_ratio": 0.17107129910658916
    },
    "Web Search V2": {
      "latency": {
        "mean": 113708.61951510112,
        "std": 9439.808776825554,
        "min": 101237.07818984985,
        "max": 130060.47821044922
      },
      "input_tokens": {
        "mean": 40251.555555555555,
        "std": 4762.091980188726,
        "min": 34551,
        "max": 51419
      },
      "output_tokens": {
        "mean": 5509.888888888889,
        "std": 415.0669959309113,
        "min": 4988,
        "max": 6123
      },
      "env_calls": {
        "mean": 3,
        "std": 0.0,
        "min": 3,
        "max": 3
      },
      "io_ratio": 7.336486683226607
    },
    "BM Agent": {
      "latency": null,
      "input_tokens": {
        "mean": 690224.1111111111,
        "std": 357916.1364441552,
        "min": 331158,
        "max": 1513558
      },
      "output_tokens": {
        "mean": 7669.888888888889,
        "std": 5924.373161872158,
        "min": 2299,
        "max": 20239
      },
      "env_calls": {
        "mean": 44.77777777777778,
        "std": 10.86022303842994,
        "min": 30,
        "max": 61
      },
      "io_ratio": 118.0941140482816
    }
  },
  "raw_data": {
    "direct_llm": {
      "605525": {
        "latency_ms": 229426.48935317993,
        "input_tokens": 468,
        "output_tokens": 4083,
        "env_calls": 0,
        "env_calls_type": "N/A"
      },
      "612908": {
        "latency_ms": 104742.84768104553,
        "input_tokens": 579,
        "output_tokens": 3796,
        "env_calls": 0,
        "env_calls_type": "N/A"
      },
      "638114": {
        "latency_ms": 167815.40274620056,
        "input_tokens": 482,
        "output_tokens": 3960,
        "env_calls": 0,
        "env_calls_type": "N/A"
      },
      "640880": {
        "latency_ms": 260463.20462226868,
        "input_tokens": 515,
        "output_tokens": 3795,
        "env_calls": 0,
        "env_calls_type": "N/A"
      },
      "648772": {
        "latency_ms": 148099.58791732788,
        "input_tokens": 580,
        "output_tokens": 4128,
        "env_calls": 0,
        "env_calls_type": "N/A"
      },
      "665548": {
        "latency_ms": 168380.26809692383,
        "input_tokens": 449,
        "output_tokens": 4587,
        "env_calls": 0,
        "env_calls_type": "N/A"
      },
      "708387": {
        "latency_ms": 121324.97024536133,
        "input_tokens": 475,
        "output_tokens": 4034,
        "env_calls": 0,
        "env_calls_type": "N/A"
      },
      "747724": {
        "latency_ms": 139860.94641685486,
        "input_tokens": 429,
        "output_tokens": 3966,
        "env_calls": 0,
        "env_calls_type": "N/A"
      },
      "868183": {
        "latency_ms": 104810.5616569519,
        "input_tokens": 573,
        "output_tokens": 4329,
        "env_calls": 0,
        "env_calls_type": "N/A"
      }
    },
    "rag": {
      "605525": {
        "latency_ms": 89629.68158721924,
        "input_tokens": 592,
        "output_tokens": 3763,
        "env_calls": 1,
        "env_calls_type": "retrieval",
        "retrieved_docs_count": 3
      },
      "612908": {
        "latency_ms": 81269.21105384827,
        "input_tokens": 680,
        "output_tokens": 3320,
        "env_calls": 1,
        "env_calls_type": "retrieval",
        "retrieved_docs_count": 3
      },
      "638114": {
        "latency_ms": 73923.11477661133,
        "input_tokens": 613,
        "output_tokens": 3339,
        "env_calls": 1,
        "env_calls_type": "retrieval",
        "retrieved_docs_count": 3
      },
      "640880": {
        "latency_ms": 89386.3615989685,
        "input_tokens": 642,
        "output_tokens": 3690,
        "env_calls": 1,
        "env_calls_type": "retrieval",
        "retrieved_docs_count": 3
      },
      "648772": {
        "latency_ms": 88178.98607254028,
        "input_tokens": 655,
        "output_tokens": 3534,
        "env_calls": 1,
        "env_calls_type": "retrieval",
        "retrieved_docs_count": 3
      },
      "665548": {
        "latency_ms": 134051.15032196045,
        "input_tokens": 573,
        "output_tokens": 3867,
        "env_calls": 1,
        "env_calls_type": "retrieval",
        "retrieved_docs_count": 3
      },
      "708387": {
        "latency_ms": 90330.79075813293,
        "input_tokens": 563,
        "output_tokens": 3572,
        "env_calls": 1,
        "env_calls_type": "retrieval",
        "retrieved_docs_count": 3
      },
      "747724": {
        "latency_ms": 91713.34457397461,
        "input_tokens": 545,
        "output_tokens": 3534,
        "env_calls": 1,
        "env_calls_type": "retrieval",
        "retrieved_docs_count": 3
      },
      "868183": {
        "latency_ms": 121981.24074935913,
        "input_tokens": 695,
        "output_tokens": 3981,
        "env_calls": 1,
        "env_calls_type": "retrieval",
        "retrieved_docs_count": 3
      }
    },
    "websearch": {
      "605525": {
        "latency_ms": 113408.7975025177,
        "input_tokens": 41673,
        "output_tokens": 5710,
        "env_calls": 3,
        "env_calls_type": "web_search",
        "has_real_usage": true
      },
      "612908": {
        "latency_ms": 112473.32906723022,
        "input_tokens": 39129,
        "output_tokens": 4988,
        "env_calls": 3,
        "env_calls_type": "web_search",
        "has_real_usage": true
      },
      "638114": {
        "latency_ms": 101267.45390892029,
        "input_tokens": 34551,
        "output_tokens": 5010,
        "env_calls": 3,
        "env_calls_type": "web_search",
        "has_real_usage": true
      },
      "640880": {
        "latency_ms": 130060.47821044922,
        "input_tokens": 40185,
        "output_tokens": 6123,
        "env_calls": 3,
        "env_calls_type": "web_search",
        "has_real_usage": true
      },
      "648772": {
        "latency_ms": 108408.3604812622,
        "input_tokens": 36088,
        "output_tokens": 5346,
        "env_calls": 3,
        "env_calls_type": "web_search",
        "has_real_usage": true
      },
      "665548": {
        "latency_ms": 116555.17745018005,
        "input_tokens": 40040,
        "output_tokens": 6080,
        "env_calls": 3,
        "env_calls_type": "web_search",
        "has_real_usage": true
      },
      "708387": {
        "latency_ms": 123034.36923027039,
        "input_tokens": 40745,
        "output_tokens": 5616,
        "env_calls": 3,
        "env_calls_type": "web_search",
        "has_real_usage": true
      },
      "747724": {
        "latency_ms": 116932.5315952301,
        "input_tokens": 51419,
        "output_tokens": 5234,
        "env_calls": 3,
        "env_calls_type": "web_search",
        "has_real_usage": true
      },