{
  "summary": {
    "Direct LLM": {
      "latency": {
        "mean": 160547.1420817905,
        "std": 53832.72034823629,
        "min": 104742.84768104553,
        "max": 260463.20462226868
      },
      "input_tokens": {
        "mean": 585.6666666666666,
        "std": 40.614036982304526,
        "min": 538,
        "max": 645
      },
      "output_tokens": {
        "mean": 4490.777777777777,
        "std": 312.2129793017011,
        "min": 4067,
        "max": 5088
      },
      "env_calls": {
        "mean": 0,
        "std": 0.0,
        "min": 0,
        "max": 0
      },
      "io_ratio": 0.131009443247455
    },
    "RAG V2": {
      "latency": {
        "mean": 95607.09794362386,
        "std": 19435.51949464262,
        "min": 73923.11477661133,
        "max": 134051.15032196045
      },
      "input_tokens": {
        "mean": 775.2222222222222,
        "std": 39.94927339069441,
        "min": 712,
        "max": 843
      },
      "output_tokens": {
        "mean": 3962.3333333333335,
        "std": 307.596732752479,
        "min": 3477,
        "max": 4521
      },
      "env_calls": {
        "mean": 1,
        "std": 0.0,
        "min": 1,
        "max": 1
      },
      "io_ratio": 0.19652563137262813
    },
    "Web Search V2": {
      "latency": {
        "mean": 113708.61951510112,
        "std": 9439.808776825554,
        "min": 101237.07818984985,
        "max": 130060.47821044922
      },
      "input_tokens": {
        "mean": 40251.555555555555,
        "std": 4762.091980188726,
        "min": 34551,
        "max": 51419
      },
      "output_tokens": {
        "mean": 5509.888888888889,
        "std": 415.0669959309113,
        "min": 4988,
        "max": 6123
      },
      "env_calls": {
        "mean": 3,
        "std": 0.0,
        "min": 3,
        "max": 3
      },
      "io_ratio": 7.336486683226607
    },
    "BM Agent": {
      "latency": null,
      "input_tokens": {
        "mean": 690224.1111111111,
        "std": 357916.1364441552,
        "min": 331158,
        "max": 1513558
      },
      "output_tokens": {
        "mean": 7669.888888888889,
        "std": 5924.373161872158,
        "min": 2299,
        "max": 20239
      },
      "env_calls": {
        "mean": 44.77777777777778,
        "std": 10.86022303842994,
        "min": 30,
        "max": 61
      },
      "io_ratio": 118.0941140482816
    }
  },
  "raw_data": {
    "direct_llm": {
      "605525": {
        "latency_ms": 229426.48935317993,
        "input_tokens": 554,
        "output_tokens": 4521,
        "env_calls": 0,
        "env_calls_type": "N/A",
        "token_source": "tiktoken"
      },
      "612908": {
        "latency_ms": 104742.84768104553,
        "input_tokens": 636,
        "output_tokens": 4144,
        "env_calls": 0,
        "env_calls_type": "N/A",
        "token_source": "tiktoken"
      },
      "638114": {
        "latency_ms": 167815.40274620056,
        "input_tokens": 557,
        "output_tokens": 4417,
        "env_calls": 0,
        "env_calls_type": "N/A",
        "token_source": "tiktoken"
      },
      "640880": {
        "latency_ms": 260463.20462226868,
        "input_tokens": 583,
        "output_tokens": 4067,
        "env_calls": 0,
        "env_calls_type": "N/A",
        "token_source": "tiktoken"
      },
      "648772": {
        "latency_ms": 148099.58791732788,
        "input_tokens": 645,
        "output_tokens": 4502,
        "env_calls": 0,
        "env_calls_type": "N/A",
        "token_source": "tiktoken"
      },
      "665548": {
        "latency_ms": 168380.26809692383,
        "input_tokens": 564,
        "output_tokens": 5088,
        "env_calls": 0,
        "env_calls_type": "N/A",
        "token_source": "tiktoken"
      },
      "708387": {
        "latency_ms": 121324.97024536133,
        "input_tokens": 563,
        "output_tokens": 4431,
        "env_calls": 0,
        "env_calls_type": "N/A",
        "token_source": "tiktoken"
      },
      "747724": {
        "latency_ms": 139860.94641685486,
        "input_tokens": 538,
        "output_tokens": 4426,
        "env_calls": 0,
        "env_calls_type": "N/A",
        "token_source": "tiktoken"
      },
      "868183": {
        "latency_ms": 104810.5616569519,
        "input_tokens": 631,
        "output_tokens": 4821,
        "env_calls": 0,
        "env_calls_type": "N/A",
        "token_source": "tiktoken"
      }
    },
    "rag": {
      "605525": {
        "latency_ms": 89629.68158721924,
        "input_tokens": 761,
        "output_tokens": 4179,
        "env_calls": 1,
        "env_calls_type": "retrieval",
        "retrieved_docs_count": 3,
        "token_source": "tiktoken"
      },
      "612908": {
        "latency_ms": 81269.21105384827,
        "input_tokens": 802,
        "output_tokens": 3477,
        "env_calls": 1,
        "env_calls_type": "retrieval",
        "retrieved_docs_count": 3,
        "token_source": "tiktoken"
      },
      "638114": {
        "latency_ms": 73923.11477661133,
        "input_tokens": 784,
        "output_tokens": 3685,
        "env_calls": 1,
        "env_calls_type": "retrieval",
        "retrieved_docs_count": 3,
        "token_source": "tiktoken"
      },
      "640880": {
        "latency_ms": 89386.3615989685,
        "input_tokens": 810,
        "output_tokens": 3991,
        "env_calls": 1,
        "env_calls_type": "retrieval",
        "retrieved_docs_count": 3,
        "token_source": "tiktoken"
      },
      "648772": {
        "latency_ms": 88178.98607254028,
        "input_tokens": 747,
        "output_tokens": 3782,
        "env_calls": 1,
        "env_calls_type": "retrieval",
        "retrieved_docs_count": 3,
        "token_source": "tiktoken"
      },
      "665548": {
        "latency_ms": 134051.15032196045,
        "input_tokens": 777,
        "output_tokens": 4183,
        "env_calls": 1,
        "env_calls_type": "retrieval",
        "retrieved_docs_count": 3,
        "token_source": "tiktoken"
      },
      "708387": {
        "latency_ms": 90330.79075813293,
        "input_tokens": 712,
        "output_tokens": 3926,
        "env_calls": 1,
        "env_calls_type": "retrieval",
        "retrieved_docs_count": 3,
        "token_source": "tiktoken"
      },
      "747724": {
        "latency_ms": 91713.34457397461,
        "input_tokens": 741,
        "output_tokens": 3917,
        "env_calls": 1,
        "env_calls_type": "retrieval",
        "retrieved_docs_count": 3,
        "token_source": "tiktoken"
      },
      "868183": {
        "latency_ms": 121981.24074935913,
        "input_tokens": 843,
        "output_tokens": 4521,
        "env_calls": 1,
        "env_calls_type": "retrieval",
        "retrieved_docs_count": 3,
        "token_source": "tiktoken"
      }
    },
    "websearch": {
      "605525": {
        "latency_ms": 113408.7975025177,
        "input_tokens": 41673,
        "output_tokens": 5710,
        "env_calls": 3,
        "env_calls_type": "web_search",
        "token_source": "api_usage"
      },
      "612908": {
        "latency_ms": 112473.32906723022,
        "input_tokens": 39129,
        "output_tokens": 4988,
        "env_calls": 3,
        "env_calls_type": "web_search",
        "token_source": "api_usage"
      },
      "638114": {
        "latency_ms": 101267.45390892029,
        "input_tokens": 34551,
        "output_tokens": 5010,
        "env_calls": 3,
        "env_calls_type": "web_search",
        "token_source": "api_usage"
      },
      "640880": {
        "latency_ms": 130060.47821044922,
        "input_tokens": 40185,
        "output_tokens": 6123,
        "env_calls": 3,
        "env_calls_type": "web_search",
        "token_source": "api_usage"
      },
      "648772": {
        "latency_ms": 108408.3604812622,
        "input_tokens": 36088,
        "output_tokens": 5346,
        "env_calls": 3,
        "env_calls_type": "web_search",
        "token_source": "api_usage"
      },